{"cameraMode":{"drawMode":0,"name":"Shaded","section":"Shading Mode"},"sceneLighting":false,"audioPlay":false,"sceneViewState":{"m_AlwaysRefresh":false,"showFog":true,"showSkybox":false,"showFlares":true,"showImageEffects":true,"showParticleSystems":true,"showVisualEffectGraphs":true,"m_FxEnabled":true},"in2DMode":false,"pivot":{"x":3.877037286758423,"y":1.017570972442627,"z":11.703239440917969},"rotation":{"x":0.44261592626571658,"y":-0.05106596276164055,"z":0.02526232600212097,"w":0.8949177265167236},"size":0.4481041729450226,"orthographic":false}