{"cameraMode":{"drawMode":0,"name":"Shaded","section":"Shading Mode"},"sceneLighting":false,"audioPlay":false,"sceneViewState":{"m_AlwaysRefresh":false,"showFog":true,"showSkybox":false,"showFlares":true,"showImageEffects":true,"showParticleSystems":true,"showVisualEffectGraphs":true,"m_FxEnabled":true},"in2DMode":false,"pivot":{"x":-0.11979319155216217,"y":0.8778644800186157,"z":-2.7221269607543947},"rotation":{"x":0.10501737892627716,"y":0.04291452839970589,"z":-0.004563461057841778,"w":0.9935603737831116},"size":1.1323996782302857,"orthographic":false}