{"cameraMode":{"drawMode":0,"name":"Shaded","section":"Shading Mode"},"sceneLighting":false,"audioPlay":false,"sceneViewState":{"m_AlwaysRefresh":false,"showFog":true,"showSkybox":false,"showFlares":true,"showImageEffects":true,"showParticleSystems":true,"showVisualEffectGraphs":true,"m_FxEnabled":true},"in2DMode":false,"pivot":{"x":-0.2675504684448242,"y":1.665362000465393,"z":-0.46603870391845705},"rotation":{"x":0.44268664717674258,"y":-0.26103925704956057,"z":0.1362367868423462,"w":0.8471086621284485},"size":16.206676483154298,"orthographic":false}