{"cameraMode":{"drawMode":0,"name":"Shaded","section":"Shading Mode"},"sceneLighting":false,"audioPlay":false,"sceneViewState":{"m_AlwaysRefresh":false,"showFog":true,"showSkybox":false,"showFlares":true,"showImageEffects":true,"showParticleSystems":true,"showVisualEffectGraphs":true,"m_FxEnabled":true},"in2DMode":false,"pivot":{"x":-2.4571447372436525,"y":0.7714145183563232,"z":11.188759803771973},"rotation":{"x":0.1252318173646927,"y":-0.8407297134399414,"z":0.21996760368347169,"w":0.47866323590278628},"size":0.4827793538570404,"orthographic":false}