{"cameraMode":{"drawMode":0,"name":"Shaded","section":"Shading Mode"},"sceneLighting":false,"audioPlay":false,"sceneViewState":{"m_AlwaysRefresh":false,"showFog":true,"showSkybox":false,"showFlares":true,"showImageEffects":true,"showParticleSystems":true,"showVisualEffectGraphs":true,"m_FxEnabled":true},"in2DMode":false,"pivot":{"x":0.000003248453140258789,"y":-0.21596476435661317,"z":0.0000022351741790771486},"rotation":{"x":0.28535178303718569,"y":-0.18202140927314759,"z":0.055335987359285358,"w":0.9394103288650513},"size":0.7017990350723267,"orthographic":false}