{"cameraMode":{"drawMode":0,"name":"Shaded","section":"Shading Mode"},"sceneLighting":false,"audioPlay":false,"sceneViewState":{"m_AlwaysRefresh":false,"showFog":true,"showSkybox":false,"showFlares":true,"showImageEffects":true,"showParticleSystems":true,"showVisualEffectGraphs":true,"m_FxEnabled":true},"in2DMode":false,"pivot":{"x":0.024957023561000825,"y":0.2690885066986084,"z":-0.7887297868728638},"rotation":{"x":0.38849154114723208,"y":-0.26818135380744936,"z":0.11928093433380127,"w":0.873457133769989},"size":0.47609540820121767,"orthographic":false}