{"cameraMode":{"drawMode":0,"name":"Shaded","section":"Shading Mode"},"sceneLighting":false,"audioPlay":false,"sceneViewState":{"m_AlwaysRefresh":false,"showFog":true,"showSkybox":false,"showFlares":true,"showImageEffects":true,"showParticleSystems":true,"showVisualEffectGraphs":true,"m_FxEnabled":true},"in2DMode":false,"pivot":{"x":0.279421329498291,"y":0.8317044973373413,"z":-0.4875556230545044},"rotation":{"x":-0.0004306293558329344,"y":-0.9578700065612793,"z":-0.0014364034868776799,"w":0.287192702293396},"size":0.7160788774490356,"orthographic":false}