{"cameraMode":{"drawMode":0,"name":"Shaded","section":"Shading Mode"},"sceneLighting":true,"audioPlay":false,"sceneViewState":{"m_AlwaysRefresh":false,"showFog":true,"showSkybox":true,"showFlares":true,"showImageEffects":true,"showParticleSystems":true,"showVisualEffectGraphs":true,"m_FxEnabled":true},"in2DMode":false,"pivot":{"x":-0.8554254770278931,"y":1.0089999437332154,"z":11.462087631225586},"rotation":{"x":-0.23737405240535737,"y":0.14482243359088899,"z":-0.035812318325042728,"w":-0.9599843621253967},"size":0.7141428589820862,"orthographic":false}