{"cameraMode":{"drawMode":0,"name":"Shaded","section":"Shading Mode"},"sceneLighting":false,"audioPlay":false,"sceneViewState":{"m_AlwaysRefresh":false,"showFog":true,"showSkybox":false,"showFlares":true,"showImageEffects":true,"showParticleSystems":true,"showVisualEffectGraphs":true,"m_FxEnabled":true},"in2DMode":false,"pivot":{"x":3.2942190170288088,"y":0.7739295959472656,"z":11.563239097595215},"rotation":{"x":0.048429474234580997,"y":0.6505522131919861,"z":-0.04162178561091423,"w":0.7567859292030335},"size":0.4827796220779419,"orthographic":false}