{"cameraMode":{"drawMode":0,"name":"Shaded","section":"Shading Mode"},"sceneLighting":false,"audioPlay":false,"sceneViewState":{"m_AlwaysRefresh":false,"showFog":true,"showSkybox":false,"showFlares":true,"showImageEffects":true,"showParticleSystems":true,"showVisualEffectGraphs":true,"m_FxEnabled":true},"in2DMode":false,"pivot":{"x":0.007815122604370118,"y":0.19825410842895509,"z":0.12165451049804688},"rotation":{"x":-0.25155794620513918,"y":0.0281525868922472,"z":-0.0073275258764624599,"w":-0.9674131274223328},"size":1.4890400171279908,"orthographic":false}