{"cameraMode":{"drawMode":0,"name":"Shaded","section":"Shading Mode"},"sceneLighting":true,"audioPlay":false,"sceneViewState":{"m_AlwaysRefresh":false,"showFog":true,"showSkybox":true,"showFlares":true,"showImageEffects":true,"showParticleSystems":true,"showVisualEffectGraphs":true,"m_FxEnabled":true},"in2DMode":false,"pivot":{"x":-0.00016963481903076172,"y":0.19999974966049195,"z":0.00004279613494873047},"rotation":{"x":0.14906957745552064,"y":-0.1652608960866928,"z":0.025355491787195207,"w":0.974475085735321},"size":0.3576018512248993,"orthographic":false}