{"cameraMode":{"drawMode":0,"name":"Shaded","section":"Shading Mode"},"sceneLighting":true,"audioPlay":false,"sceneViewState":{"m_AlwaysRefresh":false,"showFog":true,"showSkybox":true,"showFlares":true,"showImageEffects":true,"showParticleSystems":true,"showVisualEffectGraphs":true,"m_FxEnabled":true},"in2DMode":false,"pivot":{"x":0.6306341886520386,"y":1.440730094909668,"z":10.649370193481446},"rotation":{"x":-0.18043772876262666,"y":0.24971356987953187,"z":-0.04785516485571861,"w":-0.9499858021736145},"size":0.9456754922866821,"orthographic":false}