{"cameraMode":{"drawMode":0,"name":"Shaded","section":"Shading Mode"},"sceneLighting":true,"audioPlay":false,"sceneViewState":{"m_AlwaysRefresh":false,"showFog":true,"showSkybox":true,"showFlares":true,"showImageEffects":true,"showParticleSystems":true,"showVisualEffectGraphs":true,"m_FxEnabled":true},"in2DMode":false,"pivot":{"x":0.11038858443498612,"y":0.5159512162208557,"z":0.3334018290042877},"rotation":{"x":-0.08211193978786469,"y":0.7564249634742737,"z":-0.09746236354112625,"w":-0.6413068771362305},"size":1.1333932876586915,"orthographic":false}