{"cameraMode":{"drawMode":0,"name":"Shaded","section":"Shading Mode"},"sceneLighting":true,"audioPlay":false,"sceneViewState":{"m_AlwaysRefresh":false,"showFog":true,"showSkybox":true,"showFlares":true,"showImageEffects":true,"showParticleSystems":true,"showVisualEffectGraphs":true,"m_FxEnabled":true},"in2DMode":false,"pivot":{"x":-0.1899886131286621,"y":2.0887093544006349,"z":12.214012145996094},"rotation":{"x":-0.06502478569746018,"y":0.9327877759933472,"z":-0.21979956328868867,"w":-0.2776027023792267},"size":1.8302381038665772,"orthographic":false}