{"cameraMode":{"drawMode":0,"name":"Shaded","section":"Shading Mode"},"sceneLighting":true,"audioPlay":false,"sceneViewState":{"m_AlwaysRefresh":false,"showFog":true,"showSkybox":true,"showFlares":true,"showImageEffects":true,"showParticleSystems":true,"showVisualEffectGraphs":true,"m_FxEnabled":true},"in2DMode":false,"pivot":{"x":-1.2498607635498047,"y":0.9464864730834961,"z":0.6938486099243164},"rotation":{"x":-0.08467116951942444,"y":0.8909230828285217,"z":-0.18599408864974976,"w":-0.40557950735092165},"size":10.876067161560059,"orthographic":false}