{"cameraMode":{"drawMode":0,"name":"Shaded","section":"Shading Mode"},"sceneLighting":false,"audioPlay":false,"sceneViewState":{"m_AlwaysRefresh":false,"showFog":true,"showSkybox":false,"showFlares":true,"showImageEffects":true,"showParticleSystems":true,"showVisualEffectGraphs":true,"m_FxEnabled":true},"in2DMode":false,"pivot":{"x":0.0006774663925170898,"y":0.30627357959747317,"z":0.00011676549911499023},"rotation":{"x":0.009090435691177845,"y":-0.9690656661987305,"z":0.24406063556671143,"w":0.0363403856754303},"size":0.590262234210968,"orthographic":false}