{"cameraMode":{"drawMode":0,"name":"Shaded","section":"Shading Mode"},"sceneLighting":false,"audioPlay":false,"sceneViewState":{"m_AlwaysRefresh":false,"showFog":true,"showSkybox":false,"showFlares":true,"showImageEffects":true,"showParticleSystems":true,"showVisualEffectGraphs":true,"m_FxEnabled":true},"in2DMode":false,"pivot":{"x":-0.042774517089128497,"y":-0.4964143633842468,"z":-0.4140825569629669},"rotation":{"x":0.06493131071329117,"y":-0.9184777736663818,"z":0.3512116074562073,"w":0.16997386515140534},"size":0.5890809893608093,"orthographic":false}