{"cameraMode":{"drawMode":0,"name":"Shaded","section":"Shading Mode"},"sceneLighting":false,"audioPlay":false,"sceneViewState":{"m_AlwaysRefresh":false,"showFog":true,"showSkybox":false,"showFlares":true,"showImageEffects":true,"showParticleSystems":true,"showVisualEffectGraphs":true,"m_FxEnabled":true},"in2DMode":false,"pivot":{"x":-0.07700000703334809,"y":0.10000000894069672,"z":0.005999937653541565},"rotation":{"x":-0.06502478569746018,"y":0.9327877759933472,"z":-0.21979956328868867,"w":-0.2776027023792267},"size":0.714142918586731,"orthographic":false}