{"cameraMode":{"drawMode":0,"name":"Shaded","section":"Shading Mode"},"sceneLighting":true,"audioPlay":false,"sceneViewState":{"m_AlwaysRefresh":false,"showFog":true,"showSkybox":true,"showFlares":true,"showImageEffects":true,"showParticleSystems":true,"showVisualEffectGraphs":true,"m_FxEnabled":true},"in2DMode":false,"pivot":{"x":-17.387794494628908,"y":-0.25490236282348635,"z":-38.35341262817383},"rotation":{"x":-0.00822666846215725,"y":0.9705472588539124,"z":0.033497922122478488,"w":0.23843367397785188},"size":0.8660253882408142,"orthographic":false}