{"cameraMode":{"drawMode":0,"name":"Shaded","section":"Shading Mode"},"sceneLighting":true,"audioPlay":false,"sceneViewState":{"m_AlwaysRefresh":false,"showFog":true,"showSkybox":true,"showFlares":true,"showImageEffects":true,"showParticleSystems":true,"showVisualEffectGraphs":true,"m_FxEnabled":true},"in2DMode":false,"pivot":{"x":438.8753662109375,"y":455.2860107421875,"z":-20.112180709838868},"rotation":{"x":-0.17454852163791657,"y":0.023624248802661897,"z":0.004206132609397173,"w":0.9843507409095764},"size":655.7244262695313,"orthographic":false}