{"cameraMode":{"drawMode":0,"name":"Shaded","section":"Shading Mode"},"sceneLighting":true,"audioPlay":false,"sceneViewState":{"m_AlwaysRefresh":false,"showFog":true,"showSkybox":true,"showFlares":true,"showImageEffects":true,"showParticleSystems":true,"showVisualEffectGraphs":true,"m_FxEnabled":true},"in2DMode":false,"pivot":{"x":-35.335426330566409,"y":2.0438289642333986,"z":19.146259307861329},"rotation":{"x":-0.11804275959730149,"y":-0.308269202709198,"z":0.03854646161198616,"w":-0.9431430697441101},"size":0.3464110791683197,"orthographic":false}