{"cameraMode":{"drawMode":0,"name":"Shaded","section":"Shading Mode"},"sceneLighting":true,"audioPlay":false,"sceneViewState":{"m_AlwaysRefresh":false,"showFog":true,"showSkybox":true,"showFlares":true,"showImageEffects":true,"showParticleSystems":true,"showVisualEffectGraphs":true,"m_FxEnabled":true},"in2DMode":false,"pivot":{"x":691.3211669921875,"y":467.8897399902344,"z":8.083122253417969},"rotation":{"x":-0.06744342297315598,"y":-0.01551983505487442,"z":-0.0012345615541562439,"w":0.9976662397384644},"size":103.07764434814453,"orthographic":false}