{"cameraMode":{"drawMode":0,"name":"Shaded","section":"Shading Mode"},"sceneLighting":true,"audioPlay":false,"sceneViewState":{"m_AlwaysRefresh":false,"showFog":true,"showSkybox":true,"showFlares":true,"showImageEffects":true,"showParticleSystems":true,"showVisualEffectGraphs":true,"m_FxEnabled":true},"in2DMode":false,"pivot":{"x":-36.76660919189453,"y":4.009737491607666,"z":51.03085708618164},"rotation":{"x":-0.008997146971523762,"y":0.024893784895539285,"z":0.00022625262499786913,"w":0.9996490478515625},"size":13.98031234741211,"orthographic":false}