{"cameraMode":{"drawMode":0,"name":"Shaded","section":"Shading Mode"},"sceneLighting":false,"audioPlay":false,"sceneViewState":{"m_AlwaysRefresh":false,"showFog":true,"showSkybox":false,"showFlares":true,"showImageEffects":true,"showParticleSystems":true,"showVisualEffectGraphs":true,"m_FxEnabled":true},"in2DMode":false,"pivot":{"x":24.584339141845704,"y":0.4230213165283203,"z":17.440406799316408},"rotation":{"x":-0.24207089841365815,"y":-0.012184444814920426,"z":0.0030921055004000665,"w":-0.970229983329773},"size":2.052428960800171,"orthographic":false}