{"cameraMode":{"drawMode":0,"name":"Shaded","section":"Shading Mode"},"sceneLighting":false,"audioPlay":false,"sceneViewState":{"m_AlwaysRefresh":false,"showFog":true,"showSkybox":false,"showFlares":true,"showImageEffects":true,"showParticleSystems":true,"showVisualEffectGraphs":true,"m_FxEnabled":true},"in2DMode":false,"pivot":{"x":0.7799999713897705,"y":0.9993358850479126,"z":11.656709671020508},"rotation":{"x":0.20770370960235597,"y":0.3149261474609375,"z":-0.07075880467891693,"w":0.9234409332275391},"size":0.4481041729450226,"orthographic":false}